FP/2020/00032,2020-01-28 17:33:46.679604
FP/2020/01665,2020-02-21 16:55:52.803986
S5017961167,2020-03-10 11:02:42.596833
FP/2020/02869,2020-03-09 11:36:07.839559
FP/2020/02900,2020-03-23 16:18:33.493892
FP/2020/02920,2020-03-26 18:22:06.893737
FP/2020/03542,2020-04-01 10:34:42.723877
FP/2020/03168,2020-03-31 12:29:04.251159
FP/2020/03566,2020-04-01 08:30:47.280498
FP/2020/03537,2020-04-01 10:34:42.723877
FP/2020/03550,2020-04-01 10:34:42.723877
FP/2020/03567,2020-04-01 08:30:47.280498
FP/2020/03562,2020-04-01 08:30:47.280498
FP/2020/03865,2020-04-03 08:35:19.173799
FP/2020/03870,2020-04-03 08:32:59.010385
FP/2020/03861,2020-04-03 08:38:25.538250
FP/2020/03887,2020-04-06 11:06:43.133630
FM/2020/00242,2020-04-16 10:45:42.028418
FP/2020/04247,2020-05-04 09:13:40.245947
FY/2020/00202,2020-05-04 15:35:07.934394
FP/2020/00092,2020-02-04 14:20:24.195051
FP/2020/03566,2020-04-01 08:30:47.280498
